City_ID,City,Lat,Lng,Max Temp,Humidity,Cloudiness,Wind Speed,Country,Date
0,zhezqazghan,47.7833,67.7667,285.47,58,0,5.0,KZ,1684887694
1,talnakh,69.4865,88.3972,272.71,94,67,4.23,RU,1684887974
2,edinburgh of the seven seas,-37.0676,-12.3116,286.56,64,76,12.14,SH,1684887974
3,chonchi,-42.6128,-73.8092,282.66,89,78,7.31,CL,1684887975
4,tiksi,71.6872,128.8694,268.53,82,24,1.5,RU,1684887976
5,alice springs,-23.7,133.8833,287.9,47,2,0.51,AU,1684887976
6,basco,20.4487,121.9702,299.78,78,96,5.81,PH,1684887761
7,challapata,-18.9,-66.7667,281.58,24,2,1.22,BO,1684887977
8,waitangi,-43.9535,-176.5597,286.94,87,1,2.24,NZ,1684887977
9,qaqortoq,60.7167,-46.0333,272.69,78,22,3.18,GL,1684887978
10,mejit,10.2753,170.8646,301.01,79,100,7.69,MH,1684887694
11,klyuchi,52.2667,79.1667,285.25,48,0,3.14,RU,1684887979
12,petropavlovsk-kamchatsky,53.0452,158.6483,281.48,61,75,3.0,RU,1684887984
13,longyearbyen,78.2186,15.6401,275.06,80,75,8.75,SJ,1684887984
14,mamuju,-2.6748,118.8885,300.93,76,73,0.67,ID,1684887985
15,adamstown,-25.066,-130.1015,297.89,89,81,13.69,PN,1684887985
16,cromer,52.9312,1.2989,284.04,70,90,3.34,GB,1684887986
17,jamestown,42.097,-79.2353,293.8,60,0,2.06,US,1684887973
18,lompoc,34.6391,-120.4579,287.39,78,100,4.02,US,1684887986
19,laojunmiao,39.8333,97.7333,282.75,47,97,5.1,CN,1684887987
20,bethel,41.3712,-73.414,286.84,61,0,0.0,US,1684887887
21,rani,25.3503,73.3089,301.05,65,83,5.3,IN,1684887988
22,bredasdorp,-34.5322,20.0403,284.98,92,86,1.24,ZA,1684887988
23,albany,42.6001,-73.9662,291.78,57,21,0.45,US,1684887970
24,whitehorse,60.7161,-135.0538,291.47,22,75,1.54,CA,1684887989
25,tura,25.5198,90.2201,295.0,94,100,1.67,IN,1684887989
26,port-cartier,50.0334,-66.8654,278.3,85,47,2.87,CA,1684887990
27,saipan,15.1355,145.701,300.73,100,75,12.35,MP,1684887990
28,yellowknife,62.456,-114.3525,290.44,29,75,6.71,CA,1684887991
29,port-aux-francais,-49.35,70.2167,280.91,98,100,12.17,TF,1684887991
30,udachny,66.4167,112.4,276.18,74,64,5.85,RU,1684887991
31,flying fish cove,-10.4217,105.6791,298.97,83,75,3.09,CX,1684887992
32,ushuaia,-54.8,-68.3,277.96,93,100,5.14,AR,1684887992
33,olyokminsk,60.3736,120.4264,284.49,41,88,1.07,RU,1684887993
34,punta arenas,-53.15,-70.9167,275.77,75,89,4.13,CL,1684887817
35,hamilton,39.1834,-84.5333,297.42,55,20,4.63,US,1684887719
36,holualoa,19.6228,-155.9522,297.83,76,75,4.63,US,1684887994
37,smithers,54.7804,-127.1743,294.33,35,20,4.63,CA,1684887995
38,blackmans bay,-43.0167,147.3167,287.33,74,68,2.49,AU,1684887995
39,ilulissat,69.2167,-51.1,270.16,74,100,4.12,GL,1684887995
40,las tablas,7.7667,-80.2833,299.36,99,99,0.73,PA,1684887996
41,iskateley,67.6803,53.1512,286.68,66,66,3.57,RU,1684887996
42,portland,45.5234,-122.6762,290.92,52,75,2.57,US,1684887904
43,port mathurin,-19.6833,63.4167,298.16,60,15,5.3,MU,1684887997
44,broken hill,-31.95,141.4333,288.36,36,4,4.21,AU,1684887997
45,uturoa,-16.7333,-151.4333,300.01,78,66,5.6,PF,1684887998
46,tsiombe,-25.3,45.4833,289.35,74,1,0.93,MG,1684887998
47,puerto natales,-51.7236,-72.4875,273.72,93,89,1.45,CL,1684887999
48,selkirk,50.1436,-96.8845,292.06,44,99,7.88,CA,1684887879
49,invercargill,-46.4,168.35,282.79,67,77,3.44,NZ,1684887999
50,suances,43.4334,-4.0434,288.51,92,100,2.06,ES,1684888000
51,korsakov,46.6328,142.7813,283.06,75,0,4.46,RU,1684888000
52,mount isa,-20.7333,139.5,296.02,35,0,5.66,AU,1684888001
53,aripuana,-9.1667,-60.6333,300.13,71,100,0.64,BR,1684888001
54,camayenne,9.535,-13.6878,302.2,79,75,4.12,GN,1684888001
55,papatowai,-46.5619,169.4708,283.18,66,72,4.57,NZ,1684888002
56,lebu,-37.6167,-73.65,285.51,76,14,8.88,CL,1684888002
57,hawaiian paradise park,19.5933,-154.9731,299.51,75,75,3.6,US,1684888002
58,port elizabeth,-33.918,25.5701,281.31,87,0,2.57,ZA,1684888003
59,san patricio,28.017,-97.5169,301.7,66,18,5.86,US,1684888003
60,wailua homesteads,22.0669,-159.378,296.95,82,100,4.63,US,1684888004
61,kingsbridge,50.2845,-3.7764,284.14,86,77,2.86,GB,1684888004
62,belyy yar,53.6039,91.3903,287.09,38,0,5.0,RU,1684887974
63,zhangatas,43.5667,69.75,287.28,40,4,2.48,KZ,1684888005
64,bridgewater,44.3835,-64.5155,280.66,76,0,3.09,CA,1684888005
65,vilyuchinsk,52.9306,158.4028,282.3,90,99,2.22,RU,1684888006
66,kapa'a,22.0752,-159.319,297.61,82,100,4.63,US,1684888006
67,grytviken,-54.2811,-36.5092,274.92,84,28,5.01,GS,1684888006
68,tual,-5.6667,132.75,300.82,79,69,10.88,ID,1684888007
69,basseterre,17.2948,-62.7261,300.21,82,40,4.63,KN,1684888007
70,dosso,13.049,3.1937,307.86,36,100,2.36,NE,1684888008
71,ferkessedougou,9.6,-5.2,299.17,73,100,1.17,CI,1684888008
72,alofi,-19.0595,-169.9187,300.09,65,40,3.09,NU,1684888008
73,port saint john's,-31.6229,29.5448,289.26,63,3,2.8,ZA,1684888009
74,ormara,25.2088,64.6357,301.86,87,36,6.0,PK,1684888010
75,labytnangi,66.6572,66.4183,280.54,57,46,1.77,RU,1684888010
76,olonkinbyen,70.9221,-8.7187,273.66,98,100,9.21,SJ,1684888010
77,la ronge,55.1001,-105.2842,286.29,35,75,6.69,CA,1684888011
78,ola,59.5833,151.2833,279.34,96,100,2.93,RU,1684888011
79,hithadhoo,-0.6,73.0833,301.03,75,17,2.5,MV,1684888012
80,saint-joseph,-21.3667,55.6167,296.0,82,62,2.25,RE,1684888012
81,zhangye,38.9342,100.4517,287.5,41,100,3.84,CN,1684888012
82,prince rupert,54.3161,-130.3201,285.08,77,0,8.75,CA,1684888013
83,afaahiti,-17.75,-149.2833,301.08,81,78,5.63,PF,1684888013
84,valdivia,-39.8142,-73.2459,284.2,72,33,5.02,CL,1684887732
85,broome,42.2506,-75.833,292.05,64,61,2.35,US,1684888014
86,fang,19.9169,99.2145,299.27,63,11,0.75,TH,1684888014
87,ocean shores,46.9737,-124.1563,287.4,75,0,4.12,US,1684888015
88,mirai,-21.1953,-42.6142,291.11,91,14,1.61,BR,1684888015
89,mount gambier,-37.8333,140.7667,285.67,74,28,4.64,AU,1684887992
90,puerto baquerizo moreno,-0.9,-89.6,298.7,83,40,3.09,EC,1684888016
91,anadyr,64.75,177.4833,278.15,70,75,6.0,RU,1684888017
92,monahans,31.5943,-102.8926,306.43,24,0,0.89,US,1684888017
93,rongelap,11.1635,166.8941,301.54,72,90,6.85,MH,1684888017
94,san juan colorado,16.4586,-97.9536,303.75,44,45,2.99,MX,1684888018
95,ambikapur,23.1167,83.2,301.73,25,73,1.52,IN,1684888018
96,st. john's,47.5649,-52.7093,275.33,94,75,6.71,CA,1684887956
97,qarauyl,48.9451,79.255,283.2,49,33,4.02,KZ,1684888019
98,champerico,14.3,-91.9167,301.45,68,37,2.72,GT,1684888019
99,avarua,-21.2078,-159.775,299.18,65,20,2.06,CK,1684887822
100,isafjordur,66.0755,-23.124,275.9,96,100,10.63,IS,1684888020
101,bilibino,68.0546,166.4372,282.02,48,68,1.83,RU,1684888020
102,iqaluit,63.7506,-68.5145,265.76,73,75,6.17,CA,1684888021
103,hammerfest,70.6634,23.6821,279.4,93,75,2.06,NO,1684888021
104,thurso,58.5927,-3.5259,283.29,83,90,8.02,GB,1684888022
105,i-n-salah,27.1935,2.4607,298.79,15,40,3.75,DZ,1684888022
106,temerluh,3.4506,102.4176,299.81,96,16,0.31,MY,1684887970
107,ujae,8.9322,165.7642,301.56,78,98,6.96,MH,1684888023
108,lazaro cardenas,17.9583,-102.2,302.55,65,25,4.46,MX,1684888023
109,piracicaba,-22.7253,-47.6492,289.78,69,0,1.43,BR,1684888024
110,selfoss,63.9331,-20.9971,277.62,67,97,15.71,IS,1684888024
111,fortuna,40.5982,-124.1573,287.08,72,0,9.26,US,1684888025
112,kaa-khem,51.6833,94.7333,284.48,47,12,3.64,RU,1684888025
113,kodiak,57.79,-152.4072,279.88,93,100,9.26,US,1684888026
114,surubim,-7.8331,-35.7547,294.59,96,39,2.72,BR,1684888026
115,valparaiso,-33.0393,-71.6273,289.82,65,80,0.61,CL,1684888027
116,esil,51.9556,66.4042,287.77,56,55,2.27,KZ,1684888027
117,barra de santo antonio,-9.4047,-35.5072,298.75,82,3,4.2,BR,1684888028
118,cabo san lucas,22.8909,-109.9124,305.35,16,40,4.12,MX,1684888028
119,krapivinskiy,54.9992,86.8133,283.75,66,96,1.67,RU,1684888029
120,atafu village,-8.5421,-172.5159,301.34,73,97,2.94,TK,1684888029
121,naze,28.3667,129.4833,295.66,63,4,6.24,JP,1684888030
122,kirakira,-10.4544,161.9205,302.6,73,48,2.45,SB,1684888030
123,vernon,50.2581,-119.2691,289.05,65,99,0.89,CA,1684887780
124,la tijera,19.9,-104.4,298.5,42,75,3.97,MX,1684888031
125,nadi,-17.8,177.4167,300.15,74,75,5.14,FJ,1684887975
126,parabel',58.6978,81.4825,281.56,54,97,4.66,RU,1684888032
127,phanat nikhom,13.4458,101.1844,303.01,73,100,2.6,TH,1684888032
128,arenapolis,-14.4503,-56.8461,297.18,59,30,0.98,BR,1684888033
129,barra,-11.0894,-43.1417,298.89,62,21,4.76,BR,1684888033
130,kerman,30.2832,57.0788,288.07,47,0,2.06,IR,1684888034
131,vorgashor,67.5833,63.95,279.86,70,31,2.63,RU,1684888034
132,karasburg,-28.0167,18.75,289.54,16,78,3.22,NA,1684888034
133,nuku'alofa,-21.1333,-175.2,298.34,78,75,2.57,TO,1684888035
134,geraldton,-28.7667,114.6,290.38,94,75,2.06,AU,1684888035
135,badger,64.8,-147.5333,292.63,30,0,0.89,US,1684888036
136,margaret river,-33.95,115.0667,287.33,64,91,7.52,AU,1684888036
137,georgetown,5.4112,100.3354,301.18,79,20,1.03,MY,1684888037
138,salinopolis,-0.6136,-47.3561,299.26,87,79,3.5,BR,1684888037
139,goure,13.9835,10.2704,303.95,28,28,1.73,NE,1684888038
140,porto novo,6.4965,2.6036,301.05,86,99,2.24,BJ,1684888038
141,quellon,-43.1167,-73.6167,282.27,86,78,15.09,CL,1684888038
142,stanley,54.868,-1.6985,283.0,82,0,3.6,GB,1684887783
143,kaka,37.3482,59.6143,300.28,32,6,2.24,TM,1684888039
144,puerto aysen,-45.4,-72.7,277.32,99,95,1.68,CL,1684888040
145,ta`u,-14.2336,-169.5144,300.48,81,76,4.32,AS,1684888040
146,beinamar,8.6698,15.3813,300.12,64,95,1.76,TD,1684888041
147,vila franca do campo,37.7167,-25.4333,289.38,85,56,3.31,PT,1684888041
148,la passe,45.5549,-0.8967,288.28,79,12,7.79,FR,1684888041
149,sungai penuh,-2.0833,101.3833,291.57,95,55,0.79,ID,1684888042
150,nishinoomote,30.7333,131.0,295.46,49,20,4.12,JP,1684888042
151,aasiaat,68.7098,-52.8699,270.83,92,100,6.7,GL,1684887746
152,vung tau,10.346,107.0843,301.81,77,100,4.45,VN,1684888043
153,aioun,16.6614,-9.6149,306.2,25,95,4.0,MR,1684888044
154,dhidhdhoo,6.8833,73.1,301.91,74,13,3.15,MV,1684888044
155,kenai,60.5544,-151.2583,287.18,44,100,7.2,US,1684888045
156,mount pearl,47.5166,-52.7813,274.88,94,75,5.66,CA,1684888045
157,wamba,8.9333,8.6,297.71,86,89,1.26,NG,1684888046
158,tshabong,-26.05,22.45,289.48,20,1,1.39,BW,1684888046
159,visakhapatnam,17.69,83.2093,301.09,100,40,1.03,IN,1684888046
160,mammoth lakes,37.6485,-118.9721,288.78,40,100,7.72,US,1684888047
161,tazovsky,67.4667,78.7,273.59,86,64,2.83,RU,1684887807
162,leua,48.2156,18.6071,287.6,95,100,1.53,SK,1684888048
163,hasaki,35.7333,140.8333,290.37,53,25,7.86,JP,1684888048
164,el kala,36.8956,8.4433,291.38,79,77,3.59,DZ,1684888049
165,north platte,41.1239,-100.7654,296.83,56,40,4.63,US,1684888049
166,tindouf,27.6711,-8.1474,289.4,59,0,11.32,DZ,1684888049
167,manaure,11.7751,-72.4445,301.32,76,9,5.27,CO,1684888050
168,constantia,44.1833,28.65,286.53,86,17,3.1,RO,1684888050
169,college,64.8569,-147.8028,291.95,30,20,0.0,US,1684887984
170,port alfred,-33.5906,26.891,289.54,53,17,2.17,ZA,1684888051
171,honaz,37.7573,29.27,288.08,94,100,0.63,TR,1684888052
172,grand baie,-20.0182,57.5802,295.07,81,7,2.24,MU,1684888052
173,enewetak,11.3474,162.3373,301.62,70,99,6.45,MH,1684888053
174,sibut,5.718,19.0739,296.78,75,73,1.39,CF,1684888053
175,akjoujt,19.6969,-14.4164,301.11,17,96,3.7,MR,1684888054
176,tutong,4.8,114.65,299.83,88,100,2.7,BN,1684888054
177,puerto ayora,-0.7393,-90.3518,299.01,92,96,1.34,EC,1684888054
178,touros,-5.1989,-35.4608,299.24,84,42,5.69,BR,1684888055
179,nova sintra,14.8667,-24.7167,293.58,80,52,6.65,CV,1684888055
180,masuguru,-11.3667,38.4167,295.36,84,75,1.7,TZ,1684888056
181,sao felix do xingu,-6.6447,-51.995,297.67,83,99,1.69,BR,1684888056
182,belmonte,-15.8631,-38.8828,296.7,77,79,2.7,BR,1684888056
183,mili,6.0815,171.735,301.2,77,64,4.9,MH,1684888057
184,elk city,35.412,-99.4043,296.49,73,75,7.72,US,1684888057
185,thompson,55.7435,-97.8558,286.24,38,75,3.09,CA,1684888058
186,uliastay,47.7417,96.8444,279.05,68,97,1.94,MN,1684887759
187,sola,-13.8833,167.55,300.28,77,77,10.39,VU,1684888058
188,ulladulla,-35.35,150.4667,287.17,47,65,1.5,AU,1684888059
189,sterling,39.0062,-77.4286,292.05,54,75,3.6,US,1684888059
190,garcia,25.8167,-100.5833,301.53,67,39,6.66,MX,1684888060
191,west island,-12.1568,96.8225,300.14,83,20,2.06,CC,1684888060
192,angostura,25.3667,-108.1833,305.9,23,78,5.32,MX,1684888060
193,mastic beach,40.7668,-72.8521,286.14,64,0,0.45,US,1684888061
194,salalah,17.0151,54.0924,302.2,84,75,1.54,OM,1684888061
195,wad az zaki,14.4619,32.2065,304.85,10,0,2.76,SD,1684888062
196,aldan,58.6031,125.3894,279.74,57,98,1.91,RU,1684888062
197,san ignacio de velasco,-16.3667,-60.95,295.37,88,17,0.98,BO,1684888063
198,kimbe,-5.5502,150.1429,303.73,64,99,4.3,PG,1684888063
199,utrik,11.2278,169.8474,301.17,77,80,7.64,MH,1684888063
200,iida,35.5197,137.8207,290.39,50,8,4.02,JP,1684888064
201,taoudenni,22.6783,-3.9836,302.44,18,98,4.94,ML,1684888065
202,soure,-0.7167,-48.5233,299.0,88,92,3.47,BR,1684888065
203,manitowoc,44.0667,-87.8001,291.73,60,0,3.6,US,1684888065
204,tres isletas,-26.3407,-60.4321,297.83,75,0,3.93,AR,1684888066
205,acapulco de juarez,16.8634,-99.8901,304.05,58,40,3.6,MX,1684888003
206,bhopal,23.2667,77.4,299.28,41,11,2.57,IN,1684888066
207,ende,-8.8432,121.6623,298.78,78,100,0.67,ID,1684888067
208,essenbach,48.6167,12.2167,285.88,91,78,3.02,DE,1684888067
209,ust-nera,64.5667,143.2,275.73,97,100,3.13,RU,1684888068
210,kyshtovka,56.555,76.6271,284.47,60,31,2.83,RU,1684888068
211,menongue,-14.6585,17.691,287.88,40,67,2.11,AO,1684888068
212,puerto lopez,4.0845,-72.956,298.25,87,75,0.48,CO,1684888069
213,vrangel',42.7297,133.0839,286.49,67,6,2.81,RU,1684888070
214,mpika,-11.8343,31.4529,288.85,88,46,3.26,ZM,1684888070
215,yaritagua,10.08,-69.1261,299.74,74,28,1.5,VE,1684888070
216,bopolu,7.0667,-10.4875,297.22,95,99,0.36,LR,1684888071
217,grand-bassam,5.2118,-3.7388,302.13,88,95,2.48,CI,1684888071
218,newman,37.3138,-121.0208,298.33,34,42,4.92,US,1684887808
219,gondar,12.6,37.4667,292.79,23,59,1.72,ET,1684888072
220,mandal,25.45,74.5667,300.81,52,30,3.69,IN,1684888072
221,las cruces,32.3123,-106.7783,305.95,11,0,4.63,US,1684888073
222,sona,45.4388,10.8255,290.87,76,0,1.03,IT,1684888073
223,howard springs,-12.497,131.047,298.26,66,2,4.93,AU,1684888074
224,teknaf,20.8624,92.3058,300.35,85,6,1.59,BD,1684888074
225,ishigaki,24.3448,124.1572,298.22,65,20,2.57,JP,1684888074
226,san antonio de pale,-1.4014,5.6325,299.49,80,68,3.15,GQ,1684888075
227,sittwe,20.15,92.9,301.49,79,2,2.54,MM,1684888075
228,newnham,-41.3833,147.1333,287.65,87,75,8.23,AU,1684888076
229,keflavik,64.0049,-22.5624,278.39,65,75,19.55,IS,1684888076
230,odienne,9.51,-7.5692,297.54,78,100,0.85,CI,1684888076
231,shama junction,5.0087,-1.6301,299.85,87,66,2.5,GH,1684888077
232,botucatu,-22.8858,-48.445,287.61,74,0,1.5,BR,1684888077
233,mokhsogollokh,61.4681,128.9203,282.4,33,85,2.16,RU,1684888078
234,colonia,50.9333,6.95,281.14,78,0,3.09,DE,1684888003
235,belaya kholunitsa,58.84,50.8528,287.09,69,86,2.35,RU,1684888078
236,fisterra,42.9049,-9.2629,290.52,81,4,9.6,ES,1684888079
237,haiku-pauwela,20.9219,-156.3051,302.08,45,20,12.86,US,1684888079
238,key biscayne,25.6937,-80.1628,300.37,80,75,2.57,US,1684888079
239,kaifeng,34.7911,114.3483,293.26,54,71,5.54,CN,1684888080
240,tolanaro,-25.0319,46.9987,289.19,94,20,2.06,MG,1684888080
241,celestun,20.8667,-90.4,300.89,68,24,5.69,MX,1684888081
242,lihue,21.9789,-159.3672,297.18,84,100,4.63,US,1684887919
243,piacabucu,-10.4056,-36.4344,298.29,88,10,3.64,BR,1684888081
244,fale old settlement,-9.3852,-171.2468,301.34,73,67,3.08,TK,1684888082
245,makokou,0.5738,12.8642,295.01,96,97,0.56,GA,1684888082
246,skrunda,56.6833,22.0167,285.78,79,95,1.68,LV,1684888083
247,susuman,62.7833,148.1667,276.14,99,100,1.16,RU,1684888083
248,cosio valtellino,46.1351,9.5516,289.02,79,95,1.99,IT,1684888084
249,la'ie,21.6477,-157.9253,301.52,70,23,7.65,US,1684888084
250,amos,48.5669,-78.1162,279.12,95,100,5.55,CA,1684888084
251,new plymouth,-39.0667,174.0833,290.13,100,30,0.89,NZ,1684888085
252,cumaru,-8.0061,-35.6972,294.79,94,30,2.62,BR,1684888085
253,zelenchukskaya,43.858,41.5894,284.71,83,87,3.19,RU,1684888086
254,hermanus,-34.4187,19.2345,283.6,74,82,1.09,ZA,1684888086
255,grantsville,40.5999,-112.4644,294.98,38,75,4.63,US,1684888086
256,nemuro,43.3236,145.575,277.97,84,100,8.41,JP,1684888087
257,mochudi,-24.4167,26.15,286.39,80,0,1.69,BW,1684888087
258,itoman,26.1247,127.6694,297.06,59,20,3.6,JP,1684888088
259,eyl,7.9803,49.8164,300.2,73,92,4.61,SO,1684888088
260,tazacorte,28.629,-17.9293,289.34,86,75,2.68,ES,1684888089
261,podporozh'ye,60.9112,34.1706,284.45,94,74,0.98,RU,1684887974
262,al muwayh,22.4333,41.7583,299.21,40,100,4.85,SA,1684888089
263,shingu,33.7333,135.9833,292.2,43,0,1.93,JP,1684888090
264,shimoda,34.6667,138.95,293.21,67,77,4.21,JP,1684888090
265,kapuskasing,49.4169,-82.4331,280.15,87,100,5.14,CA,1684887935
266,chibougamau,49.9168,-74.3659,281.94,93,100,7.2,CA,1684888091
267,al jawf,29.5,38.75,297.05,36,27,1.97,SA,1684888092
268,san luis de la loma,17.2706,-100.8939,302.84,63,45,3.45,MX,1684888092
269,zaragoza,41.6561,-0.8773,288.54,76,20,3.6,ES,1684888036
270,faya-largeau,17.9257,19.1043,307.69,12,34,3.9,TD,1684888093
271,sour el ghozlane,36.1477,3.6912,286.38,85,72,2.83,DZ,1684888094
272,remire-montjoly,4.9167,-52.2667,298.17,94,40,0.0,GF,1684888094
273,kourou,5.1552,-52.6478,298.18,91,99,3.0,GF,1684888094
274,bhainsdehi,21.6467,77.6325,301.0,27,30,3.31,IN,1684888095
275,labrador city,52.9463,-66.9114,281.1,81,100,5.14,CA,1684888096
276,luganville,-15.5333,167.1667,298.69,81,97,5.95,VU,1684888097
277,mahanoro,-19.9,48.8,293.65,92,88,3.47,MG,1684888097
278,sirre,8.3167,39.4833,290.35,69,18,1.87,ET,1684888097
279,mareeba,-17.0,145.4333,293.93,91,87,3.57,AU,1684888098
280,jinghong,21.991,100.7341,298.71,53,2,0.2,CN,1684888098
281,taos,36.4072,-105.5731,287.69,62,100,6.17,US,1684888099
282,gebeit,21.0667,36.3167,299.27,58,56,2.07,SD,1684888099
283,port lincoln,-34.7333,135.8667,288.74,59,64,8.2,AU,1684888100
284,manadhoo,5.7667,73.3833,301.6,71,0,1.99,MV,1684888100
285,kerikeri,-35.2268,173.9474,290.45,69,1,4.54,NZ,1684888100
286,ha'il,27.5219,41.6907,300.16,22,20,4.12,SA,1684888101
287,tofol,5.3248,163.0078,303.03,79,75,7.2,FM,1684888101
288,kati,12.7441,-8.0726,300.82,37,100,1.76,ML,1684888102
289,troitsk,54.0979,61.5773,288.45,41,12,2.02,RU,1684888102
290,tobelo,1.7284,128.0095,301.88,71,41,1.89,ID,1684888103
291,darhan,49.4867,105.9228,285.19,49,96,2.28,MN,1684888103
292,amga,60.8953,131.9608,282.4,41,100,1.48,RU,1684888103
293,talakan,50.3167,130.3667,292.07,43,97,5.13,RU,1684888104
294,thinadhoo,0.5333,72.9333,301.1,75,44,3.07,MV,1684888104
295,carnarvon,-24.8667,113.6333,293.58,65,96,2.57,AU,1684888105
296,santa lucia,27.9117,-15.5407,286.76,59,20,3.6,ES,1684888105
297,kavieng,-2.5744,150.7967,300.76,81,93,3.83,PG,1684888105
298,bengkulu,-3.8004,102.2655,297.82,81,16,1.42,ID,1684888106
299,sinabang,2.4803,96.3801,299.76,84,100,1.47,ID,1684888106
300,east london,-33.0153,27.9116,288.96,52,10,2.38,ZA,1684888107
301,arvayheer,46.2639,102.775,277.79,56,100,9.73,MN,1684888107
302,salisbury,51.0693,-1.7957,281.9,88,0,0.51,GB,1684888108
303,lincoln,40.8,-96.667,300.34,34,0,4.12,US,1684887839
304,rossleben,51.3,11.4333,281.14,80,98,3.13,DE,1684888108
305,ghat,24.9647,10.1728,301.95,16,76,0.93,LY,1684888109
306,hobyo,5.3505,48.5268,301.11,78,100,6.87,SO,1684888109
307,rantepao,-2.9701,119.8978,295.18,92,86,0.46,ID,1684888110
308,katsuren-haebaru,26.3369,127.8719,297.12,61,20,3.6,JP,1684888110
309,el calafate,-50.3408,-72.2768,272.76,77,59,2.35,AR,1684888111
310,nuestra senora del rosario de caa cati,-27.7507,-57.6207,294.74,85,0,3.75,AR,1684888111
311,egilsstadir,65.2653,-14.3948,280.1,45,40,11.83,IS,1684888112
312,mar del plata,-38.0023,-57.5575,290.47,97,100,2.06,AR,1684888112
313,mossel bay,-34.1831,22.146,287.44,84,70,1.8,ZA,1684888112
314,kralendijk,12.15,-68.2667,301.14,78,0,7.72,BQ,1684888113
315,hadibu,12.65,54.0333,302.2,72,38,2.4,YE,1684888113
316,xinyuan,37.3,99.0,280.94,32,82,7.42,CN,1684888114
317,nieuw amsterdam,5.8833,-55.0833,300.79,85,0,4.12,SR,1684888114
318,la rinconada,37.4873,-5.9826,289.3,91,99,0.69,ES,1684888114
319,ulanhot,46.0833,122.0833,298.4,17,32,5.02,CN,1684888115
320,chilecito,-29.1619,-67.4974,291.31,41,7,2.88,AR,1684888115
321,nongstoin,25.5167,91.2667,289.93,91,100,1.58,IN,1684888116
322,chom thong,18.4174,98.6743,301.53,77,64,0.89,TH,1684888116
323,monrovia,6.3005,-10.7969,298.02,81,100,2.63,LR,1684888116
324,longboat key,27.4125,-82.659,300.12,65,75,2.57,US,1684888117
325,san julian,21.0167,-102.1667,301.76,18,72,4.48,MX,1684888117
326,masterton,-40.9597,175.6575,289.2,90,78,3.21,NZ,1684888118
327,sampacho,-33.3839,-64.7221,289.57,90,99,2.99,AR,1684888118
328,praia da vitoria,38.7333,-27.0667,290.29,77,40,5.43,PT,1684888118
329,kone,-21.0595,164.8658,297.9,47,17,3.68,NC,1684888119
330,el hadjira,32.6134,5.5126,298.01,31,2,4.47,DZ,1684888119
331,maridi,4.9158,29.4742,291.96,94,43,1.5,SS,1684888120
332,port shepstone,-30.7414,30.455,289.29,72,9,3.33,ZA,1684888120
333,sitka,57.0531,-135.33,285.09,66,100,4.12,US,1684888120
334,vorkuta,67.5,64.0,280.42,67,38,2.51,RU,1684888121
335,kyzyl,51.7,94.45,284.62,46,11,2.17,RU,1684888121
336,moires,35.0532,24.8744,287.56,83,0,1.34,GR,1684888122
337,jayapura,-2.5333,140.7,300.81,86,100,1.13,ID,1684888122
338,nurota,40.5614,65.6886,292.69,35,2,3.9,UZ,1684888123
339,revda,56.801,59.9303,285.54,59,18,0.87,RU,1684888123
340,argo,37.6333,22.7333,288.59,70,5,0.93,GR,1684888123
341,beau vallon,-20.4189,57.6953,295.28,88,40,3.09,MU,1684888124
342,sandnessjoen,66.0217,12.6316,280.18,73,5,0.89,NO,1684888124
343,kota,25.1833,75.8333,303.27,31,18,3.72,IN,1684888125
344,gela,37.0803,14.2307,289.6,76,84,3.6,IT,1684888125
345,crane,31.3974,-102.3501,305.79,17,6,4.91,US,1684888125
346,salinas,36.6777,-121.6555,288.54,69,40,7.2,US,1684887842
347,cestos city,5.46,-9.5828,300.14,82,100,2.44,LR,1684888126
348,krivosheino,57.3431,83.9261,281.65,55,100,4.63,RU,1684888127
349,camabatela,-8.1881,15.375,290.41,86,7,0.55,AO,1684888127
350,comodoro rivadavia,-45.8667,-67.5,278.07,45,0,1.54,AR,1684888128
351,ajdabiya,30.7554,20.2263,292.74,62,63,4.93,LY,1684888128
352,sao paulo de olivenca,-3.3783,-68.8725,297.27,97,38,1.09,BR,1684888128
353,weno,7.4515,151.8468,305.12,79,100,3.09,FM,1684888129
354,oleiros,43.3333,-8.3167,288.05,78,20,3.58,ES,1684888019
355,bongor,10.2806,15.3722,302.71,52,99,2.27,TD,1684888130
356,adam,22.3756,57.5233,301.79,52,83,1.93,OM,1684888130
357,pisco,-13.7,-76.2167,294.18,83,0,6.17,PE,1684888130
358,pacific grove,36.6177,-121.9166,287.2,81,40,7.2,US,1684888131
359,kargil,34.5667,76.1,277.95,85,92,1.41,IN,1684888131
360,pailon,-17.65,-62.75,295.65,94,9,1.85,BO,1684888132
361,phek,25.6667,94.5,286.73,96,100,0.72,IN,1684888132
362,gamawa,12.1343,10.5396,306.08,39,36,3.19,NG,1684888132
363,kavalerovo,44.2661,135.0572,294.46,41,5,0.85,RU,1684888133
364,turuntayevo,52.2,107.6167,286.2,64,52,2.37,RU,1684888133
365,turpan,42.9333,89.1667,296.8,16,1,1.48,CN,1684888134
366,catterick garrison,54.3775,-1.7223,283.2,81,92,2.27,GB,1684888134
367,taupo,-38.6833,176.0833,286.99,53,0,1.76,NZ,1684888135
368,usinsk,65.9939,57.5281,286.11,73,83,1.89,RU,1684888135
369,oranjemund,-28.55,16.4333,284.65,80,81,1.24,NA,1684888135
370,coquimbo,-29.9533,-71.3436,287.0,100,48,3.6,CL,1684888069
371,queenstown,-31.8976,26.8753,281.88,48,3,2.31,ZA,1684888136
372,villa gesell,-37.2639,-56.973,290.4,88,98,5.26,AR,1684888137
373,ribeira grande,38.5167,-28.7,289.69,85,21,4.02,PT,1684888137
374,xilin hot,43.9667,116.0333,291.99,25,100,8.21,CN,1684888108
375,saint-peray,44.95,4.8333,289.47,88,97,4.22,FR,1684888138
376,mwene-ditu,-7.0,23.45,294.16,65,23,1.47,CD,1684888138
377,akureyri,65.6835,-18.0878,278.11,65,100,8.75,IS,1684888139
378,kudahuvadhoo,2.6708,72.8944,301.32,74,22,2.17,MV,1684888139
379,mahina,-17.5065,-149.489,302.02,65,75,7.2,PF,1684887870
380,buka,40.8108,69.1986,291.57,51,12,0.81,UZ,1684888140
381,hartsville,34.374,-80.0734,296.72,51,0,5.66,US,1684888140
382,fort bragg,35.139,-79.006,294.97,40,75,4.63,US,1684888129
383,awjilah,29.1081,21.2869,294.45,42,23,3.87,LY,1684888141
384,urangan,-25.3,152.9,294.93,71,0,4.73,AU,1684888142
385,aykhal,66.0,111.5,273.48,82,88,6.28,RU,1684888142
386,callao,-12.0667,-77.15,296.31,73,100,5.14,PE,1684888143
387,sao vicente,-23.9631,-46.3919,295.92,26,0,1.21,BR,1684888119
388,n'zeto,-7.2312,12.8666,297.29,91,2,2.71,AO,1684888143
389,iquitos,-3.7481,-73.2472,300.17,83,20,2.57,PE,1684888144
390,miracema do tocantins,-9.5618,-48.3967,297.71,67,33,0.8,BR,1684888144
391,baruun-urt,46.6806,113.2792,290.62,22,100,2.19,MN,1684888145
392,barabinsk,55.3571,78.357,284.85,57,15,2.86,RU,1684888145
393,bogale,16.2833,95.4,300.87,77,65,4.51,MM,1684888146
394,santa sylvina,-27.8326,-61.1375,298.74,66,10,4.92,AR,1684888146
395,miyazaki,31.9111,131.4239,293.12,49,20,1.54,JP,1684888147
396,sulakyurt,40.1573,33.716,285.11,86,99,1.2,TR,1684888147
397,alto parana,-23.1289,-52.3189,290.53,73,0,2.58,BR,1684888148
398,rebola,3.7167,8.8333,295.77,88,20,1.54,GQ,1684888148
399,tralee,52.2704,-9.7026,282.27,95,98,1.63,IE,1684888148
400,gamay,12.3854,125.2979,302.36,73,55,1.32,PH,1684888149
401,grindsted,55.754,8.9123,281.89,93,75,3.09,DK,1684888149
402,hami,42.8,93.45,290.94,22,0,3.24,CN,1684888150
403,bac lieu,9.285,105.7244,301.98,73,96,3.97,VN,1684888150
404,lethem,3.3803,-59.7968,298.79,85,87,3.03,GY,1684888151
405,itamaraca,-7.7478,-34.8256,300.18,87,22,5.11,BR,1684888151
406,lagoa,39.05,-27.9833,289.65,70,58,7.55,PT,1684888151
407,lerwick,60.1545,-1.1494,283.15,92,100,9.75,GB,1684888152
408,udomlya,57.8794,34.9925,285.7,98,100,1.78,RU,1684888152
409,merizo village,13.2658,144.6691,299.27,89,100,29.58,GU,1684888153
410,kulattur,9.0167,78.2,301.65,72,3,3.64,IN,1684888153
411,san mateo del mar,16.2,-95.0,302.64,74,10,7.94,MX,1684888154
412,port isabel,26.0734,-97.2086,302.75,67,0,6.17,US,1684887842
413,gizo,-8.103,156.8419,301.62,78,98,5.51,SB,1684888155
414,chos malal,-37.3781,-70.2709,281.03,72,42,6.45,AR,1684888155
415,medicine hat,50.0501,-110.6683,298.81,20,75,5.66,CA,1684887984
416,dawei,14.0833,98.2,299.9,86,79,1.22,MM,1684888156
417,cill airne,52.05,-9.5167,281.1,97,100,1.33,IE,1684888156
418,west end,26.6833,-78.9667,298.14,69,17,3.05,BS,1684888157
419,lhokseumawe,5.1801,97.1507,299.81,81,87,1.81,ID,1684888157
420,machico,32.7,-16.7667,291.92,80,40,3.6,PT,1684888158
421,mata-utu,-13.2816,-176.1745,300.87,75,75,1.02,WF,1684888158
422,outjo,-20.1167,16.15,290.65,28,0,0.79,NA,1684888159
423,murun-kuren,49.6342,100.1625,281.07,62,34,2.96,MN,1684888159
424,howrah,22.5892,88.3103,297.15,88,75,2.06,IN,1684888160
425,pamandzi,-12.7967,45.2794,299.03,78,0,5.14,YT,1684888160
426,namibe,-15.1961,12.1522,294.01,76,23,2.66,AO,1684888160
427,fort st. john,56.2499,-120.8529,280.09,81,100,3.09,CA,1684887915
428,boke,10.9409,-14.2967,299.76,83,100,1.15,GN,1684888161
429,klaksvik,62.2266,-6.589,281.66,77,32,14.9,FO,1684888162
430,bandar lampung,-5.4254,105.258,297.51,92,17,1.52,ID,1684888162
431,shaoguan,24.8,113.5833,294.67,95,97,0.44,CN,1684888162
432,arboga,59.3939,15.8388,283.97,63,48,1.74,SE,1684888163
433,aginskoye,51.1,114.53,285.64,41,29,7.24,RU,1684888163
434,kasongo-lunda,-6.4667,16.8167,294.9,88,21,0.28,CD,1684888164
435,fuling,29.7022,107.3919,291.65,81,31,0.88,CN,1684888164
436,isla del bosque,22.7333,-105.85,302.18,52,41,4.46,MX,1684888165
437,saldanha,-33.0117,17.9442,281.18,84,99,3.08,ZA,1684888165
438,gabes,33.8815,10.0982,292.13,88,40,7.2,TN,1684888166
439,hanzhong,33.0728,107.0303,286.97,80,65,0.79,CN,1684887969
440,zorritos,-3.6805,-80.6782,299.31,80,97,1.43,PE,1684888166
441,tabou,4.423,-7.3528,300.38,84,77,2.63,CI,1684888167
442,magadan,59.5667,150.8,279.0,99,100,3.53,RU,1684888167
443,nadym,65.5333,72.5167,276.85,66,14,2.76,RU,1684888168
444,waingapu,-9.6567,120.2641,298.57,75,32,3.27,ID,1684888168
445,polczyn-zdroj,53.7642,16.0957,285.42,97,99,4.12,PL,1684888169
446,ilhabela,-23.7781,-45.3581,293.45,84,0,1.85,BR,1684888169
447,paradip garh,20.3167,86.6167,301.41,90,21,7.02,IN,1684888169
448,besisahar,28.2313,84.3761,294.86,63,34,2.36,NP,1684888170
449,northumberland,55.25,-2.0,281.82,95,100,3.84,GB,1684888170
450,dunedin,-45.8742,170.5036,283.48,62,20,2.66,NZ,1684888171
451,saudarkrokur,65.7461,-19.6394,275.79,92,89,16.97,IS,1684888171
452,dudinka,69.4058,86.1778,272.94,93,49,3.67,RU,1684888083
453,ust'-kulom,61.6864,53.6902,285.03,74,87,1.54,RU,1684888172
454,calingasta,-31.3308,-69.4078,287.68,37,7,3.12,AR,1684888172
455,plettenberg bay,-34.0527,23.3716,286.88,67,53,0.77,ZA,1684888173
456,enriquillo,17.9,-71.2333,299.54,82,16,1.15,DO,1684888173
457,arraial do cabo,-22.9661,-42.0278,295.88,81,0,7.83,BR,1684888174
458,daru,-9.0763,143.2092,299.59,78,93,7.29,PG,1684888174
459,focsani,45.7,27.1833,287.43,78,3,2.07,RO,1684888175
460,santa ana de yacuma,-13.75,-65.4333,299.03,78,63,1.53,BO,1684888175
461,eraan,9.0629,117.7016,301.43,78,68,1.72,PH,1684888175
462,paita,-5.0892,-81.1144,297.6,78,97,6.33,PE,1684887917
463,tchintabaraden,15.8969,5.7985,306.09,31,64,3.49,NE,1684888176
464,pechora,65.1472,57.2244,283.17,85,13,1.72,RU,1684888177
465,mogocha,53.7333,119.7667,283.98,75,98,1.29,RU,1684888177
466,weleri,-6.9713,110.0666,297.56,77,84,1.69,ID,1684888178
467,sampit,-2.5333,112.95,297.93,95,85,0.15,ID,1684888178
468,pontianak,-0.0333,109.3333,297.03,94,40,2.57,ID,1684888179
469,mont-laurier,46.5501,-75.4993,292.94,62,81,4.5,CA,1684888179
470,graaff-reinet,-32.2522,24.5308,286.95,33,41,3.28,ZA,1684888179
471,priozersk,61.0393,30.1291,280.43,88,1,0.52,RU,1684888180
472,nakasongola,1.3089,32.4564,290.84,91,31,0.97,UG,1684888180
473,troitskoye,52.9821,84.6757,284.13,62,27,2.33,RU,1684888181
474,dakhla,23.6848,-15.958,291.71,80,100,7.87,EH,1684888181
475,horqueta,-23.3428,-57.0597,296.1,67,0,3.02,PY,1684888182
476,kirensk,57.7853,108.1119,278.14,95,100,1.79,RU,1684888182
477,ribeira brava,32.65,-17.0667,291.69,77,37,1.85,PT,1684888183
478,mach,29.8637,67.3298,299.2,32,11,2.86,PK,1684888183
479,kaspiyskiy,45.3929,47.3707,293.18,74,5,4.11,RU,1684888184
480,golfito,8.639,-83.166,298.44,91,92,1.43,CR,1684888184
481,mpulungu,-8.7623,31.1141,296.51,70,77,3.12,ZM,1684888185
482,saint-pierre,-21.3393,55.4781,296.92,83,100,3.6,RE,1684888185
483,arta,39.1606,20.9853,289.95,84,74,1.76,GR,1684888186
484,palikir - national government center,6.9248,158.1611,304.56,70,75,2.57,FM,1684888186
485,eastham,41.8301,-69.9739,282.28,78,18,3.91,US,1684888186
486,leninsk,48.7119,45.1994,289.92,85,41,2.19,RU,1684888187
487,choibalsan,48.0667,114.5,290.77,31,100,5.4,MN,1684888187
488,xinyu,27.8043,114.9334,292.34,87,100,2.04,CN,1684888187
489,hotan,37.0997,79.9269,293.85,29,50,2.94,CN,1684888188
490,nyurba,63.2842,118.3319,283.62,44,100,1.87,RU,1684888188
491,marsh harbour,26.5412,-77.0636,299.35,73,30,5.44,BS,1684888189
492,kiunga,-6.1219,141.2906,296.41,99,100,0.93,PG,1684888189
493,yuxi,24.355,102.5422,294.54,51,2,1.3,CN,1684888189
494,mount pleasant,32.7941,-79.8626,295.53,76,75,6.17,US,1684888140
495,uchiza,-8.4592,-76.4633,295.4,98,94,1.5,PE,1684888190
496,herbstein,50.55,9.35,280.04,79,94,3.17,DE,1684888191
497,coahuayana de hidalgo,18.7,-103.6583,302.85,61,36,2.42,MX,1684888191
498,kaitong,44.8135,123.15,296.95,21,32,8.27,CN,1684888191
499,dzuunmod,48.2199,97.3744,277.13,71,90,2.17,MN,1684888192
500,xiva,41.3783,60.3639,293.14,15,13,5.28,UZ,1684888192
501,la foa,-21.7108,165.8276,296.37,52,30,5.82,NC,1684888193
502,sao joao da barra,-21.6403,-41.0511,294.2,82,94,4.02,BR,1684887962
503,ugoofaaru,5.6667,73.0,301.44,76,5,2.0,MV,1684888194
504,verkhovazh'ye,60.7472,42.0465,286.07,90,100,1.37,RU,1684888194
505,grande prairie,55.1667,-118.8027,280.25,93,100,4.63,CA,1684888069
506,vadso,70.0744,29.7487,280.24,87,100,2.57,NO,1684888195
507,sanchursk,56.9413,47.2499,287.44,68,84,3.24,RU,1684888195
508,soio,-6.1349,12.3689,298.15,90,8,3.0,AO,1684888196
509,biltine,14.5333,20.9167,306.07,23,16,1.21,TD,1684888196
510,jamaame,0.0697,42.745,298.88,83,5,3.79,SO,1684888196
511,papao,-17.75,-149.55,301.97,81,88,4.19,PF,1684888197
512,buchanan,5.8808,-10.0467,300.1,82,100,2.44,LR,1684888198
513,cileungsir,-6.3947,106.9592,300.3,89,20,1.54,ID,1684888198
514,sarangani,5.4033,125.4636,301.69,75,99,5.06,PH,1684888199
515,kavaratti,10.5669,72.642,302.14,71,21,1.21,IN,1684888199
516,kainantu,-6.2887,145.8655,292.1,83,100,1.29,PG,1684888199
517,twon-brass,4.3151,6.2418,300.52,79,100,3.58,NG,1684888200
518,sabang,5.8933,95.3214,301.83,76,97,3.42,ID,1684888200
519,ocean city,39.2776,-74.5746,287.24,73,98,3.58,US,1684887938
520,arroyo,41.6096,-4.7969,287.18,81,0,4.12,ES,1684888201
521,kushiro,42.975,144.3747,286.68,50,75,6.17,JP,1684888203
522,inari,68.906,27.0288,285.26,91,88,1.24,FI,1684888204
523,bamboo flat,11.7,92.7167,299.2,94,40,1.54,IN,1684888205
524,antsiranana,-12.2787,49.2917,295.51,91,97,1.47,MG,1684888206
525,mandali,33.7499,45.5541,304.38,15,81,3.51,IQ,1684888207
526,chui,-33.6971,-53.4616,291.84,84,79,3.29,UY,1684888207
527,znamenskoye,57.1281,73.8282,287.13,53,15,2.15,RU,1684888208
528,karratha,-20.7377,116.8463,295.29,29,2,3.5,AU,1684888208
529,yamoussoukro,6.8206,-5.2767,298.07,94,0,1.03,CI,1684888209
530,bodo,67.28,14.405,278.29,97,0,5.66,NO,1684888042
531,cockburn town,21.4612,-71.1419,300.47,74,0,1.57,TC,1684888210
532,beshkent,38.8214,65.6531,293.25,42,0,2.06,UZ,1684887968
533,yamrat,10.1116,9.826,301.18,61,36,1.63,NG,1684888211
534,jumla,29.2747,82.1838,288.08,78,100,0.43,NP,1684888212
535,arkhangel'sk,64.5401,40.5433,287.4,88,100,4.43,RU,1684888212
536,solnechnyy,50.7214,136.6319,294.55,40,98,5.29,RU,1684888213
537,kalininsk,51.5,44.4758,287.26,96,16,3.48,RU,1684888213
538,nelson bay,-32.7167,152.15,287.34,70,91,1.34,AU,1684888214
539,northam,51.0333,-4.2167,282.33,92,59,1.58,GB,1684888214
540,katpur,21.05,71.7833,301.08,73,0,3.43,IN,1684888215
541,gadzhiyevo,69.2551,33.3362,280.83,85,91,0.98,RU,1684888215
542,uray,60.1247,64.7758,289.66,64,88,1.62,RU,1684888215
543,borshchiv,48.8033,26.0435,283.73,84,5,1.63,UA,1684888216
544,pauini,-7.7136,-66.9764,296.88,98,98,1.11,BR,1684888216
545,ataq,14.5377,46.8319,297.2,62,81,1.65,YE,1684888217
546,puerto deseado,-47.7503,-65.8938,281.08,47,0,7.19,AR,1684888217
547,tongchuanshi,35.0806,109.0897,288.46,60,0,2.11,CN,1684888218
548,yarmouth,41.7057,-70.2286,282.68,70,0,3.09,US,1684888218
549,pazar,40.2765,36.2835,286.27,81,9,1.32,TR,1684888219
550,magistral'nyy,56.1725,107.4458,279.16,94,100,1.99,RU,1684888219
551,hilo,19.7297,-155.09,298.78,74,75,3.6,US,1684888220
552,bubaque,11.2833,-15.8333,300.62,73,100,5.49,GW,1684888221
553,dryden,49.7833,-92.7503,285.31,62,75,5.14,CA,1684888221
554,tadine,-21.55,167.8833,296.54,55,68,7.89,NC,1684888222
555,greenwood,34.1668,-82.1165,293.46,70,0,2.57,US,1684888077
556,melekeok village,7.4957,134.6367,301.46,78,75,6.69,PW,1684888222
557,viedma,-40.8135,-62.9967,287.26,83,100,3.01,AR,1684887971
558,mitsamiouli,-11.3847,43.2844,299.48,68,36,3.21,KM,1684888223
559,coxen hole,16.3244,-86.5366,301.75,70,20,2.06,HN,1684888224
560,kuala perlis,6.4,100.1333,299.15,74,53,2.47,MY,1684888224
561,aswan,24.0934,32.907,304.76,14,0,2.06,EG,1684888225
562,rosso,16.4986,-15.8153,297.0,47,100,5.29,SN,1684888225
563,ares,-6.1944,-35.1603,299.2,90,41,4.18,BR,1684888226
564,mongo,12.1844,18.693,306.09,30,22,2.67,TD,1684888226
565,siocon,7.7061,122.1353,301.88,75,67,1.33,PH,1684888227
566,rio grande,-32.035,-52.0986,290.21,91,42,4.14,BR,1684888227
567,alvorada,-12.48,-49.1247,297.01,49,100,1.79,BR,1684888227
568,livingston,55.9029,-3.5226,282.3,82,20,3.09,GB,1684888228
569,santyoku,37.4406,129.1708,293.78,48,100,3.73,KR,1684888228
570,neiafu,-18.65,-173.9833,300.53,69,20,2.06,TO,1684888229
571,trinidad,-14.8333,-64.9,297.3,89,94,0.93,BO,1684888229
572,pallisa,1.145,33.7094,291.76,91,57,1.86,UG,1684888230
573,trincomalee,8.5711,81.2335,300.08,79,1,5.7,LK,1684888151
574,yermentau,51.6214,73.1069,287.0,43,6,1.61,KZ,1684888231
575,kristinestad,62.2743,21.376,284.32,72,12,3.77,FI,1684888158
576,fada,9.5667,8.3,295.5,86,21,0.77,NG,1684888231
577,yaren,-0.5472,166.916,298.45,84,100,3.53,NR,1684888232
578,galveston,29.3669,-94.9669,301.14,68,0,3.09,US,1684888232
579,narimanov,46.6927,47.8498,290.1,58,51,2.62,RU,1684888233
580,kahta,37.7855,38.6237,289.8,55,0,0.43,TR,1684888233
581,kupang,-10.1667,123.5833,301.47,65,20,4.63,ID,1684888234
582,madang,-5.2246,145.7966,300.71,76,100,2.0,PG,1684888234
583,allapalli,19.4167,80.0667,303.54,41,8,1.34,IN,1684888235
584,luderitz,-26.6481,15.1594,286.86,67,10,1.42,NA,1684888235
585,cessnock,-32.8333,151.35,288.31,31,87,2.34,AU,1684888235
